-- MySQL dump 10.16  Distrib 10.1.38-MariaDB, for Win64 (AMD64)
--
-- Host: localhost    Database: boletoocorrencia
-- ------------------------------------------------------
-- Server version	10.1.38-MariaDB

/*!40101 SET @OLD_CHARACTER_SET_CLIENT=@@CHARACTER_SET_CLIENT */;
/*!40101 SET @OLD_CHARACTER_SET_RESULTS=@@CHARACTER_SET_RESULTS */;
/*!40101 SET @OLD_COLLATION_CONNECTION=@@COLLATION_CONNECTION */;
/*!40101 SET NAMES utf8 */;
/*!40103 SET @OLD_TIME_ZONE=@@TIME_ZONE */;
/*!40103 SET TIME_ZONE='+00:00' */;
/*!40014 SET @OLD_UNIQUE_CHECKS=@@UNIQUE_CHECKS, UNIQUE_CHECKS=0 */;
/*!40014 SET @OLD_FOREIGN_KEY_CHECKS=@@FOREIGN_KEY_CHECKS, FOREIGN_KEY_CHECKS=0 */;
/*!40101 SET @OLD_SQL_MODE=@@SQL_MODE, SQL_MODE='NO_AUTO_VALUE_ON_ZERO' */;
/*!40111 SET @OLD_SQL_NOTES=@@SQL_NOTES, SQL_NOTES=0 */;

--
-- Table structure for table `area`
--

DROP TABLE IF EXISTS `area`;
/*!40101 SET @saved_cs_client     = @@character_set_client */;
/*!40101 SET character_set_client = utf8 */;
CREATE TABLE `area` (
  `IDAREA` int(11) NOT NULL,
  `NMAREA` varchar(50) NOT NULL,
  `IDUSUARIOINC` int(11) DEFAULT NULL,
  `DTINCLUSAO` datetime DEFAULT NULL,
  `IDUSUARIOALT` int(11) DEFAULT NULL,
  `DTALTERACAO` datetime DEFAULT NULL,
  `IDGRUPO` int(11) NOT NULL,
  PRIMARY KEY (`IDAREA`) USING BTREE,
  KEY `FK_AREA_GRUPO` (`IDGRUPO`),
  CONSTRAINT `FK_AREA_GRUPO` FOREIGN KEY (`IDGRUPO`) REFERENCES `grupo` (`IDGRUPO`)
) ENGINE=InnoDB DEFAULT CHARSET=utf8;
/*!40101 SET character_set_client = @saved_cs_client */;

--
-- Dumping data for table `area`
--

LOCK TABLES `area` WRITE;
/*!40000 ALTER TABLE `area` DISABLE KEYS */;
INSERT INTO `area` VALUES (1,'Educação Física',0,'2020-06-05 10:00:04',0,'2020-06-05 10:00:04',2),(2,'Fisioterapia',0,'2020-06-05 10:00:15',0,'2020-06-05 10:00:15',2),(3,'Piscina',0,'2020-06-05 10:00:28',0,'2020-06-05 10:00:28',2),(4,'Caldeira',0,'2020-06-05 10:00:44',0,'2020-06-05 10:00:44',2),(5,'Ginásio',0,'2020-06-05 10:00:57',0,'2020-06-05 10:00:57',2),(6,'Atleta Futuro',0,'2020-06-05 10:01:13',0,'2020-06-05 10:01:13',2),(7,'Ginasinho',0,'2020-06-05 10:01:26',0,'2020-06-05 10:01:26',2),(8,'Odonto',0,'2020-06-05 10:01:41',0,'2020-06-05 10:01:41',2),(9,'Dep. Gases',0,'2020-06-05 10:01:51',0,'2020-06-05 10:01:51',2),(10,'UPF TV',0,'2020-06-05 10:02:03',0,'2020-06-05 10:02:03',3),(11,'ICEG',0,'2020-06-05 10:02:16',0,'2020-06-05 10:02:16',3),(12,'CET',0,'2020-06-05 10:02:37',0,'2020-06-05 10:02:37',3),(13,'PRÓ-SAÚDE',0,'2020-06-05 10:03:00',0,'2020-06-05 10:03:00',3),(14,'Subsolo',0,'2020-06-05 10:03:10',0,'2020-06-05 10:03:10',3),(15,'IFHC',0,'2020-06-05 10:05:25',0,'2020-06-05 10:05:25',3),(16,'LCI',0,'2020-06-05 10:05:37',0,'2020-06-05 10:41:05',3),(17,'SALA/SECR.ICEG',0,'2020-06-05 10:05:47',0,'2020-06-05 10:05:47',3),(18,'MEMORIAL UPF',0,'2020-06-05 10:05:57',0,'2020-06-05 10:05:57',3),(19,'PABX UPF',0,'2020-06-05 10:06:10',0,'2020-06-05 10:06:10',3),(20,'FEAC',0,'2020-06-05 10:06:36',0,'2020-06-05 10:06:36',3),(21,'AUDITÓRIO',0,'2020-06-05 10:06:46',0,'2020-06-05 10:06:46',3),(22,'MV-SISTEMAS',0,'2020-06-05 10:06:54',0,'2020-06-05 10:06:54',3),(23,'BIBLIOTECA',0,'2020-06-05 10:07:02',0,'2020-06-05 10:07:02',4),(24,'M. LEITURA',0,'2020-06-05 10:07:10',0,'2020-06-05 10:07:10',4),(25,'MANUT./EQUIP.',0,'2020-06-05 10:07:18',0,'2020-06-05 10:07:18',4),(26,'DISEG',0,'2020-06-05 10:07:26',0,'2020-06-05 10:07:26',4),(27,'ALMOX',0,'2020-06-05 10:07:34',0,'2020-06-05 10:07:34',4),(28,'DEP.LIVRARIA',0,'2020-06-05 10:07:45',0,'2020-06-05 10:07:45',5),(29,'CENTRAL SALAS',0,'2020-06-05 10:07:55',0,'2020-06-05 10:07:55',5),(30,'LAB.INFORMÁTICA',0,'2020-06-05 10:08:02',0,'2020-06-05 10:08:02',5),(31,'DCE',0,'2020-06-05 10:08:13',0,'2020-06-05 10:08:13',5),(32,'FAC',0,'2020-06-05 10:08:22',0,'2020-06-05 10:08:22',5),(33,'LAB.VÍDEO',0,'2020-06-05 10:08:30',0,'2020-06-05 10:08:30',5),(34,'FAED',0,'2020-06-05 10:08:50',0,'2020-06-05 10:08:50',5),(35,'BRINQUEDOTECA',0,'2020-06-05 10:08:58',0,'2020-06-05 10:08:58',5),(36,'INTEGRADO',0,'2020-06-05 10:09:04',0,'2020-06-05 10:09:04',5),(37,'C.CONVIVÊNCIA',0,'2020-06-05 10:09:19',0,'2020-06-05 10:09:19',6),(38,'S.GRANDE',0,'2020-06-05 10:09:45',0,'2020-06-05 10:09:45',7),(39,'S.PEQUENO',0,'2020-06-05 10:09:57',0,'2020-06-05 10:09:57',7),(40,'ESPAÇO LAZER',0,'2020-06-05 10:10:26',0,'2020-06-05 10:10:26',7),(41,'SECR. AFUPF',0,'2020-06-05 10:10:35',0,'2020-06-05 10:10:35',7),(42,'APUPF',0,'2020-06-05 10:10:43',0,'2020-06-05 10:10:43',7),(43,'GERADOR',0,'2020-06-05 10:10:54',0,'2020-06-05 10:10:54',7),(44,'FEAR',0,'2020-06-05 10:11:02',0,'2020-06-05 10:11:02',8),(45,'BIOTECNOLOGIA',0,'2020-06-05 10:11:10',0,'2020-06-05 10:11:10',8),(46,'LABORATÓRIOS',0,'2020-06-05 10:11:19',0,'2020-06-05 10:11:19',8),(47,'PÓS G.FAMV',0,'2020-06-05 10:11:31',0,'2020-06-05 10:11:31',8),(48,'AGRONOMIA',0,'2020-06-05 10:11:40',0,'2020-06-05 10:11:40',9),(49,'LAB. SOLOS',0,'2020-06-05 10:11:48',0,'2020-06-05 10:11:48',9),(50,'FEAR',0,'2020-06-05 10:11:55',0,'2020-06-05 10:11:55',9),(51,'N. MECÂNICA',0,'2020-06-05 10:12:06',0,'2020-06-05 10:12:06',10),(52,'CMPP',0,'2020-06-05 10:12:13',0,'2020-06-05 10:12:13',10),(53,'ICB',0,'2020-06-05 10:12:20',0,'2020-06-05 10:12:20',10),(54,'DEP.ICB',0,'2020-06-05 10:12:28',0,'2020-06-05 10:12:28',10),(55,'FARMÁCIA',0,'2020-06-05 10:12:36',0,'2020-06-05 10:12:36',10),(56,'FONO',0,'2020-06-05 10:12:45',0,'2020-06-05 10:12:45',10),(57,'FINANCEIRO',0,'2020-06-05 10:13:53',0,'2020-06-05 10:13:53',10),(58,'SECR. GERAL',0,'2020-06-05 10:14:55',0,'2020-06-05 10:14:55',11),(59,'REC. HUMANOS',0,'2020-06-05 10:15:05',0,'2020-06-05 10:15:05',11),(60,'BOLSAS',0,'2020-06-05 10:15:13',0,'2020-06-05 10:15:13',11),(61,'SESMT',0,'2020-06-05 10:15:25',0,'2020-06-05 10:15:25',11),(62,'DTI',0,'2020-06-05 10:15:33',0,'2020-06-05 10:15:33',11),(63,'AGECOM',0,'2020-06-05 10:15:45',0,'2020-06-05 10:15:45',11),(64,'PÓS-GRAD.',0,'2020-06-05 10:15:53',0,'2020-06-05 10:15:53',11),(65,'VESTIBULAR',0,'2020-06-05 10:17:51',0,'2020-06-05 10:17:51',11),(66,'ARQUIVO',0,'2020-06-05 10:18:07',0,'2020-06-05 10:18:07',11),(67,'JORNADA',0,'2020-06-05 10:18:15',0,'2020-06-05 10:18:15',11),(68,'PROJETOS',0,'2020-06-05 10:18:25',0,'2020-06-05 10:18:25',11),(69,'COMSEL',0,'2020-06-05 10:18:35',0,'2020-06-05 10:18:35',11),(70,'REITORIA',0,'2020-06-05 10:18:41',0,'2020-06-05 10:18:41',11),(71,'VICE-REITORIA',0,'2020-06-05 10:18:49',0,'2020-06-05 10:18:49',11),(72,'FUNDAÇÃO',0,'2020-06-05 10:18:57',0,'2020-06-05 10:18:57',11),(73,'SERV.SOCIAL',0,'2020-06-05 10:19:06',0,'2020-06-05 10:19:06',11),(74,'CERTIFICAÇÃO',0,'2020-06-05 10:19:15',0,'2020-06-05 10:19:15',11),(75,'ORÇAMENTO',0,'2020-06-05 10:19:23',0,'2020-06-05 10:19:23',11),(76,'JURÍDICO',0,'2020-06-05 10:19:30',0,'2020-06-05 10:19:30',11),(77,'COMPRAS',0,'2020-06-05 10:19:39',0,'2020-06-05 10:19:39',11),(78,'CAPT. RECURSOS',0,'2020-06-05 10:19:47',0,'2020-06-05 10:19:47',11),(79,'PATRIMÔNIO',0,'2020-06-05 10:19:54',0,'2020-06-05 10:19:54',11),(80,'CONTABILIDADE',0,'2020-06-05 10:20:02',0,'2020-06-05 10:20:02',11),(81,'FISCAL',0,'2020-06-05 10:20:10',0,'2020-06-05 10:20:10',11),(82,'FECIT',0,'2020-06-05 10:20:19',0,'2020-06-05 10:20:19',11),(83,'CENTRAL ALUNO',0,'2020-06-05 10:20:27',0,'2020-06-05 10:20:27',11),(84,'CORREDORES',0,'2020-06-05 10:20:37',0,'2020-06-05 10:20:37',11),(85,'ELOS',0,'2020-06-05 10:20:47',0,'2020-06-05 10:20:47',11),(86,'OUVIDORIA',0,'2020-06-05 10:20:55',0,'2020-06-05 10:20:55',11),(87,'MORF./DML',0,'2020-06-05 10:21:16',0,'2020-06-05 10:21:16',12),(88,'HOSP. VET.',0,'2020-06-05 10:21:23',0,'2020-06-05 10:21:23',12),(89,'PATOLOGIA',0,'2020-06-05 10:21:29',0,'2020-06-05 10:21:29',12),(90,'EST. ANEMO',0,'2020-06-05 10:21:36',0,'2020-06-05 10:21:36',12),(91,'EXT. CENT. EVENT.',0,'2020-06-05 10:21:52',0,'2020-06-05 10:21:52',13),(92,'PORTAL',0,'2020-06-05 10:21:59',0,'2020-06-05 10:21:59',13),(93,'CETEC',0,'2020-06-05 10:22:09',0,'2020-06-05 10:22:09',14),(94,'CETEC II',0,'2020-06-05 10:22:16',0,'2020-06-05 10:22:16',14),(95,'UPF PARQUE',0,'2020-06-05 10:22:22',0,'2020-06-05 10:22:22',14),(96,'NOVA ENGª CIVIL',0,'2020-06-05 10:22:35',0,'2020-06-05 10:22:35',16),(97,'DIREITO',0,'2020-06-05 10:22:45',0,'2020-06-05 10:22:45',17),(98,'CEPAGRO',0,'2020-06-05 10:22:52',0,'2020-06-05 10:22:52',18),(99,'APICULTURA',0,'2020-06-05 10:23:00',0,'2020-06-05 10:23:00',18),(100,'MEDICINA',0,'2020-06-05 10:23:09',0,'2020-06-05 10:23:09',19),(101,'CIII',0,'2020-06-05 10:23:18',0,'2020-06-05 10:23:18',20),(102,'BIOTÉRIO',0,'2020-06-05 10:23:25',0,'2020-06-05 10:23:25',21),(103,'ZOOLÓGICO',0,'2020-06-05 10:23:32',0,'2020-06-05 10:23:32',23),(104,'MAVRS',0,'2020-06-05 10:23:43',0,'2020-06-05 10:23:43',24),(105,'DBSJ',0,'2020-06-05 10:23:50',0,'2020-06-05 10:23:50',25);
/*!40000 ALTER TABLE `area` ENABLE KEYS */;
UNLOCK TABLES;

--
-- Table structure for table `campus`
--

DROP TABLE IF EXISTS `campus`;
/*!40101 SET @saved_cs_client     = @@character_set_client */;
/*!40101 SET character_set_client = utf8 */;
CREATE TABLE `campus` (
  `IDCAMPUS` int(11) NOT NULL,
  `NMCAMPUS` varchar(100) NOT NULL,
  `IDUSUARIOINC` int(11) DEFAULT NULL,
  `DTINCLUSAO` datetime DEFAULT NULL,
  `IDUSUARIOALT` int(11) DEFAULT NULL,
  `DTALTERACAO` datetime DEFAULT NULL,
  PRIMARY KEY (`IDCAMPUS`) USING BTREE
) ENGINE=InnoDB DEFAULT CHARSET=utf8;
/*!40101 SET character_set_client = @saved_cs_client */;

--
-- Dumping data for table `campus`
--

LOCK TABLES `campus` WRITE;
/*!40000 ALTER TABLE `campus` DISABLE KEYS */;
INSERT INTO `campus` VALUES (1,'Campus | Passo Fundo',0,'2020-05-30 19:01:09',0,'2020-06-05 10:35:38'),(2,'UPF Medicina Passo Fundo',0,'2020-05-30 19:01:19',0,'2020-06-05 10:35:46'),(3,'UPF Idiomas Passo Fundo',0,'2020-05-30 19:01:29',0,'2020-06-05 10:35:59');
/*!40000 ALTER TABLE `campus` ENABLE KEYS */;
UNLOCK TABLES;

--
-- Table structure for table `grupo`
--

DROP TABLE IF EXISTS `grupo`;
/*!40101 SET @saved_cs_client     = @@character_set_client */;
/*!40101 SET character_set_client = utf8 */;
CREATE TABLE `grupo` (
  `IDGRUPO` int(11) NOT NULL,
  `NMGRUPO` varchar(100) NOT NULL,
  `IDUSUARIOINC` int(11) DEFAULT NULL,
  `DTINCLUSAO` datetime DEFAULT NULL,
  `IDUSUARIOALT` int(11) DEFAULT NULL,
  `DTALTERACAO` datetime DEFAULT NULL,
  PRIMARY KEY (`IDGRUPO`) USING BTREE
) ENGINE=InnoDB DEFAULT CHARSET=utf8;
/*!40101 SET character_set_client = @saved_cs_client */;

--
-- Dumping data for table `grupo`
--

LOCK TABLES `grupo` WRITE;
/*!40000 ALTER TABLE `grupo` DISABLE KEYS */;
INSERT INTO `grupo` VALUES (1,'Áreas Abertas',0,'2020-06-05 09:53:41',0,'2020-06-05 09:53:41'),(2,'Unidades A',0,'2020-06-05 09:53:53',0,'2020-06-05 09:53:53'),(3,'Unidades B',0,'2020-06-05 09:54:00',0,'2020-06-05 09:54:00'),(4,'Unidades C',0,'2020-06-05 09:54:09',0,'2020-06-05 09:54:09'),(5,'Unidades D',0,'2020-06-05 09:54:18',0,'2020-06-05 09:54:18'),(6,'Unidades E',0,'2020-06-05 09:54:27',0,'2020-06-05 09:54:27'),(7,'Unidades F',0,'2020-06-05 09:54:34',0,'2020-06-05 09:54:34'),(8,'Unidade G',0,'2020-06-05 09:54:42',0,'2020-06-05 09:54:42'),(9,'Unidades H',0,'2020-06-05 09:55:12',0,'2020-06-05 09:55:12'),(10,'Unidade I',0,'2020-06-05 09:55:21',0,'2020-06-05 09:55:21'),(11,'Unidade J',0,'2020-06-05 09:55:30',0,'2020-06-05 09:55:30'),(12,'Unidades O',0,'2020-06-05 09:56:15',0,'2020-06-05 09:56:15'),(13,'Unidades Q',0,'2020-06-05 09:56:26',0,'2020-06-05 09:56:26'),(14,'Unidades R',0,'2020-06-05 09:56:35',0,'2020-06-05 09:56:35'),(15,'Unidade Y',0,'2020-06-05 09:56:44',0,'2020-06-05 09:56:44'),(16,'Unidades V',0,'2020-06-05 09:56:52',0,'2020-06-05 09:56:52'),(17,'Unidade U',0,'2020-06-05 09:57:06',0,'2020-06-05 09:57:06'),(18,'Unidade CEP',0,'2020-06-05 09:57:16',0,'2020-06-05 09:57:16'),(19,'Unidade Medicina Campus ||',0,'2020-06-05 09:57:36',0,'2020-06-05 09:57:36'),(20,'Campus |||',0,'2020-06-05 09:57:49',0,'2020-06-05 09:57:49'),(21,'Unidade BIO',0,'2020-06-05 09:57:59',0,'2020-06-05 09:57:59'),(22,'Unidade ZOO',0,'2020-06-05 09:58:06',0,'2020-06-05 09:58:06'),(23,'Unidade ZOO',0,'2020-06-05 09:58:14',0,'2020-06-05 09:58:14'),(24,'Unidade MAVRS',0,'2020-06-05 09:58:29',0,'2020-06-05 09:58:29'),(25,'Unidade DBSJ',0,'2020-06-05 09:58:43',0,'2020-06-05 09:58:43');
/*!40000 ALTER TABLE `grupo` ENABLE KEYS */;
UNLOCK TABLES;

--
-- Table structure for table `manutencao`
--

DROP TABLE IF EXISTS `manutencao`;
/*!40101 SET @saved_cs_client     = @@character_set_client */;
/*!40101 SET character_set_client = utf8 */;
CREATE TABLE `manutencao` (
  `IDMANUTENCAO` int(11) NOT NULL,
  `IDOCORRENCIA` int(11) NOT NULL,
  `DSPARECER` longtext,
  `IDUSUARIOINC` int(11) DEFAULT NULL,
  `DTINCLUSAO` datetime DEFAULT NULL,
  `IDUSUARIOALT` int(11) DEFAULT NULL,
  `DTALTERACAO` datetime DEFAULT NULL,
  PRIMARY KEY (`IDMANUTENCAO`) USING BTREE,
  KEY `FK_MANUTENCAO_OCORRENCIA` (`IDOCORRENCIA`),
  CONSTRAINT `FK_MANUTENCAO_OCORRENCIA` FOREIGN KEY (`IDOCORRENCIA`) REFERENCES `ocorrencia` (`IDOCORRENCIA`) ON DELETE CASCADE
) ENGINE=InnoDB DEFAULT CHARSET=utf8;
/*!40101 SET character_set_client = @saved_cs_client */;

--
-- Dumping data for table `manutencao`
--

LOCK TABLES `manutencao` WRITE;
/*!40000 ALTER TABLE `manutencao` DISABLE KEYS */;
/*!40000 ALTER TABLE `manutencao` ENABLE KEYS */;
UNLOCK TABLES;

--
-- Table structure for table `ocorrencia`
--

DROP TABLE IF EXISTS `ocorrencia`;
/*!40101 SET @saved_cs_client     = @@character_set_client */;
/*!40101 SET character_set_client = utf8 */;
CREATE TABLE `ocorrencia` (
  `IDOCORRENCIA` int(11) NOT NULL,
  `IDTIPOOCORRENCIA` int(11) NOT NULL,
  `IDVIGILANTE` int(11) NOT NULL,
  `IDPOSTOAREA` int(11) NOT NULL,
  `DTOCORRENCIA` datetime NOT NULL,
  `DSOCORRENCIA` longtext NOT NULL,
  `IDUSUARIOINC` int(11) DEFAULT NULL,
  `DTINCLUSAO` datetime DEFAULT NULL,
  `IDUSUARIOALT` int(11) DEFAULT NULL,
  `DTALTERACAO` datetime DEFAULT NULL,
  `TPSTATUS` varchar(1) DEFAULT 'E',
  PRIMARY KEY (`IDOCORRENCIA`) USING BTREE,
  KEY `FK_OCORRENCIA_TIPOOCORRENCIA` (`IDTIPOOCORRENCIA`),
  KEY `FK_OCORRENCIA_VIGILANTE` (`IDVIGILANTE`),
  KEY `FK_OCORRENCIA_POSTOAREA` (`IDPOSTOAREA`),
  CONSTRAINT `FK_OCORRENCIA_POSTOAREA` FOREIGN KEY (`IDPOSTOAREA`) REFERENCES `postoarea` (`IDPOSTOAREA`),
  CONSTRAINT `FK_OCORRENCIA_TIPOOCORRENCIA` FOREIGN KEY (`IDTIPOOCORRENCIA`) REFERENCES `tipoocorrencia` (`IDTIPOOCORRENCIA`),
  CONSTRAINT `FK_OCORRENCIA_VIGILANTE` FOREIGN KEY (`IDVIGILANTE`) REFERENCES `vigilante` (`IDVIGILANTE`)
) ENGINE=InnoDB DEFAULT CHARSET=utf8;
/*!40101 SET character_set_client = @saved_cs_client */;

--
-- Dumping data for table `ocorrencia`
--

LOCK TABLES `ocorrencia` WRITE;
/*!40000 ALTER TABLE `ocorrencia` DISABLE KEYS */;
/*!40000 ALTER TABLE `ocorrencia` ENABLE KEYS */;
UNLOCK TABLES;

--
-- Table structure for table `ocorrenciaanexo`
--

DROP TABLE IF EXISTS `ocorrenciaanexo`;
/*!40101 SET @saved_cs_client     = @@character_set_client */;
/*!40101 SET character_set_client = utf8 */;
CREATE TABLE `ocorrenciaanexo` (
  `IDOCORRENCIAANEXO` int(11) NOT NULL,
  `IDOCORRENCIA` int(11) NOT NULL,
  `DSARQUIVO` longblob,
  `NRTAMANHOARQUIVO` int(11) DEFAULT NULL,
  `NMARQUIVO` varchar(30) DEFAULT NULL,
  `TPANEXO` varchar(25) DEFAULT NULL,
  `IDUSUARIOINC` int(11) DEFAULT NULL,
  `DTINCLUSAO` datetime DEFAULT NULL,
  `IDUSUARIOALT` int(11) DEFAULT NULL,
  `DTALTERACAO` datetime DEFAULT NULL,
  PRIMARY KEY (`IDOCORRENCIAANEXO`) USING BTREE,
  KEY `FK_OCORRENCIAANEXO_OCORRENCIA` (`IDOCORRENCIA`),
  CONSTRAINT `FK_OCORRENCIAANEXO_OCORRENCIA` FOREIGN KEY (`IDOCORRENCIA`) REFERENCES `ocorrencia` (`IDOCORRENCIA`) ON DELETE CASCADE
) ENGINE=InnoDB DEFAULT CHARSET=utf8;
/*!40101 SET character_set_client = @saved_cs_client */;

--
-- Dumping data for table `ocorrenciaanexo`
--

LOCK TABLES `ocorrenciaanexo` WRITE;
/*!40000 ALTER TABLE `ocorrenciaanexo` DISABLE KEYS */;
/*!40000 ALTER TABLE `ocorrenciaanexo` ENABLE KEYS */;
UNLOCK TABLES;

--
-- Table structure for table `perfil`
--

DROP TABLE IF EXISTS `perfil`;
/*!40101 SET @saved_cs_client     = @@character_set_client */;
/*!40101 SET character_set_client = utf8 */;
CREATE TABLE `perfil` (
  `IDPERFIL` int(11) NOT NULL,
  `NMPERFIL` varchar(100) NOT NULL,
  `IDUSUARIOINC` int(11) DEFAULT NULL,
  `DTINCLUSAO` datetime DEFAULT NULL,
  `IDUSUARIOALT` int(11) DEFAULT NULL,
  `DTALTERACAO` datetime DEFAULT NULL,
  PRIMARY KEY (`IDPERFIL`) USING BTREE
) ENGINE=InnoDB DEFAULT CHARSET=utf8;
/*!40101 SET character_set_client = @saved_cs_client */;

--
-- Dumping data for table `perfil`
--

LOCK TABLES `perfil` WRITE;
/*!40000 ALTER TABLE `perfil` DISABLE KEYS */;
INSERT INTO `perfil` VALUES (1,'Vigilante',1,'2020-05-24 09:51:23',1,'2020-05-24 09:51:23'),(2,'Surpevisor',1,'2020-05-24 09:51:33',1,'2020-05-24 09:51:33'),(3,'Vigilante Operador',0,'2020-05-26 14:25:45',0,'2020-05-26 14:25:45');
/*!40000 ALTER TABLE `perfil` ENABLE KEYS */;
UNLOCK TABLES;

--
-- Table structure for table `perfilpermissao`
--

DROP TABLE IF EXISTS `perfilpermissao`;
/*!40101 SET @saved_cs_client     = @@character_set_client */;
/*!40101 SET character_set_client = utf8 */;
CREATE TABLE `perfilpermissao` (
  `IDPERFILPERMISSAO` int(11) NOT NULL,
  `IDPERFIL` int(11) NOT NULL,
  `IDPERMISSAO` int(11) NOT NULL,
  `FLCONSULTA` varchar(1) NOT NULL,
  `IDUSUARIOINC` int(11) DEFAULT NULL,
  `DTINCLUSAO` datetime DEFAULT NULL,
  `IDUSUARIOALT` int(11) DEFAULT NULL,
  `DTALTERACAO` datetime DEFAULT NULL,
  PRIMARY KEY (`IDPERFILPERMISSAO`) USING BTREE,
  KEY `FK_PERFILPERMISSAO_PERFIL` (`IDPERFIL`),
  KEY `FK_PERFILPERMISSAO_PERMISSAO` (`IDPERMISSAO`),
  CONSTRAINT `FK_PERFILPERMISSAO_PERFIL` FOREIGN KEY (`IDPERFIL`) REFERENCES `perfil` (`IDPERFIL`),
  CONSTRAINT `FK_PERFILPERMISSAO_PERMISSAO` FOREIGN KEY (`IDPERMISSAO`) REFERENCES `permissao` (`IDPERMISSAO`)
) ENGINE=InnoDB DEFAULT CHARSET=utf8;
/*!40101 SET character_set_client = @saved_cs_client */;

--
-- Dumping data for table `perfilpermissao`
--

LOCK TABLES `perfilpermissao` WRITE;
/*!40000 ALTER TABLE `perfilpermissao` DISABLE KEYS */;
INSERT INTO `perfilpermissao` VALUES (31,2,6,'S',0,'2020-05-26 14:24:59',0,'2020-05-26 14:24:59'),(32,2,0,'S',0,'2020-05-26 14:24:59',0,'2020-05-26 14:24:59'),(33,2,5,'S',0,'2020-05-26 14:24:59',0,'2020-05-26 14:24:59'),(34,2,4,'S',0,'2020-05-26 14:24:59',0,'2020-05-26 14:24:59'),(35,2,3,'S',0,'2020-05-26 14:24:59',0,'2020-05-26 14:24:59'),(36,2,2,'S',0,'2020-05-26 14:24:59',0,'2020-05-26 14:24:59'),(37,2,1,'S',0,'2020-05-26 14:24:59',0,'2020-05-26 14:24:59'),(38,3,6,'S',0,'2020-05-26 14:26:00',0,'2020-05-26 14:26:00'),(39,3,0,'N',0,'2020-05-26 14:26:00',0,'2020-05-26 14:26:00'),(40,3,5,'S',0,'2020-05-26 14:26:00',0,'2020-05-26 14:26:00'),(41,3,4,'S',0,'2020-05-26 14:26:00',0,'2020-05-26 14:26:00'),(42,3,3,'S',0,'2020-05-26 14:26:00',0,'2020-05-26 14:26:00'),(43,3,2,'N',0,'2020-05-26 14:26:01',0,'2020-05-26 14:26:01'),(44,3,1,'S',0,'2020-05-26 14:26:01',0,'2020-05-26 14:26:01'),(45,1,6,'S',0,'2020-05-26 15:02:44',0,'2020-05-26 15:02:44'),(46,1,0,'S',0,'2020-05-26 15:02:44',0,'2020-05-26 15:02:44'),(47,1,5,'S',0,'2020-05-26 15:02:44',0,'2020-05-26 15:02:44'),(48,1,4,'S',0,'2020-05-26 15:02:44',0,'2020-05-26 15:02:44'),(49,1,3,'S',0,'2020-05-26 15:02:44',0,'2020-05-26 15:02:44'),(50,1,2,'S',0,'2020-05-26 15:02:44',0,'2020-05-26 15:02:44'),(51,1,1,'S',0,'2020-05-26 15:02:44',0,'2020-05-26 15:02:44');
/*!40000 ALTER TABLE `perfilpermissao` ENABLE KEYS */;
UNLOCK TABLES;

--
-- Table structure for table `permissao`
--

DROP TABLE IF EXISTS `permissao`;
/*!40101 SET @saved_cs_client     = @@character_set_client */;
/*!40101 SET character_set_client = utf8 */;
CREATE TABLE `permissao` (
  `IDPERMISSAO` int(11) NOT NULL,
  `NMPERMISSAO` varchar(25) NOT NULL,
  `SGPERMISSAO` varchar(100) DEFAULT NULL,
  `IDUSUARIOINC` int(11) DEFAULT NULL,
  `DTINCLUSAO` datetime DEFAULT NULL,
  `IDUSUARIOALT` int(11) DEFAULT NULL,
  `DTALTERACAO` datetime DEFAULT NULL,
  PRIMARY KEY (`IDPERMISSAO`) USING BTREE
) ENGINE=InnoDB DEFAULT CHARSET=utf8;
/*!40101 SET character_set_client = @saved_cs_client */;

--
-- Dumping data for table `permissao`
--

LOCK TABLES `permissao` WRITE;
/*!40000 ALTER TABLE `permissao` DISABLE KEYS */;
INSERT INTO `permissao` VALUES (0,'Cadastro Perfil','CAD_PERFIL',0,NULL,0,NULL),(1,'Cadastro Vigilante','CAD_VIGILANTE',0,'2020-05-24 10:47:06',0,'2020-05-24 10:47:06'),(2,'Cadastro Usuário','CAD_USUARIO',0,'2020-05-24 10:47:48',0,'2020-05-24 10:47:48'),(3,'Cadastro Tipo Ocorrência','CAD_TIPOOCORRENCIA',0,'2020-05-24 10:48:35',0,'2020-05-24 10:48:35'),(4,'Cadastro Posto Área','CAD_POSTOAREA',0,'2020-05-24 10:49:21',0,'2020-05-24 10:49:21'),(5,'Cadastro Posto','CAD_POSTO',0,'2020-05-24 10:49:47',0,'2020-05-24 10:49:47'),(6,'Cadastro Ocorrência','CAD_OCORRENCIA',0,'2020-05-24 10:50:21',0,'2020-05-24 10:50:21'),(9,'Cadastro Áreas','CAD_AREA',0,'2020-06-05 09:08:47',0,'2020-06-05 09:08:47'),(10,'Cadastro Grupos','CAD_GRUPO',0,'2020-06-05 09:08:47',0,'2020-06-05 09:08:47'),(11,'Manutenção de Ocorrências','TAR_MANUTENCAO',0,'2020-06-07 21:51:09',0,'2020-06-07 21:51:09');
/*!40000 ALTER TABLE `permissao` ENABLE KEYS */;
UNLOCK TABLES;

--
-- Table structure for table `posto`
--

DROP TABLE IF EXISTS `posto`;
/*!40101 SET @saved_cs_client     = @@character_set_client */;
/*!40101 SET character_set_client = utf8 */;
CREATE TABLE `posto` (
  `IDPOSTO` int(11) NOT NULL,
  `NMPOSTO` varchar(50) NOT NULL,
  `IDUSUARIOINC` int(11) DEFAULT NULL,
  `DTINCLUSAO` datetime DEFAULT NULL,
  `IDUSUARIOALT` int(11) DEFAULT NULL,
  `DTALTERACAO` datetime DEFAULT NULL,
  PRIMARY KEY (`IDPOSTO`) USING BTREE
) ENGINE=InnoDB DEFAULT CHARSET=utf8;
/*!40101 SET character_set_client = @saved_cs_client */;

--
-- Dumping data for table `posto`
--

LOCK TABLES `posto` WRITE;
/*!40000 ALTER TABLE `posto` DISABLE KEYS */;
INSERT INTO `posto` VALUES (1,'A12',0,'2020-06-05 10:24:48',0,'2020-06-05 10:24:48'),(2,'A1',0,'2020-06-05 10:24:52',0,'2020-06-05 10:25:01'),(3,'A2',0,'2020-06-05 10:25:07',0,'2020-06-05 10:25:07'),(4,'A3',0,'2020-06-05 10:25:17',0,'2020-06-05 10:25:17'),(5,'A4',0,'2020-06-05 10:25:21',0,'2020-06-05 10:25:21'),(6,'A5',0,'2020-06-05 10:25:27',0,'2020-06-05 10:25:27'),(7,'A7',0,'2020-06-05 10:25:34',0,'2020-06-05 10:25:34'),(8,'B1',0,'2020-06-05 10:25:40',0,'2020-06-05 10:25:40'),(9,'B2',0,'2020-06-05 10:25:43',0,'2020-06-05 10:25:43'),(10,'B3',0,'2020-06-05 10:25:47',0,'2020-06-05 10:25:47'),(11,'B4',0,'2020-06-05 10:25:53',0,'2020-06-05 10:25:53'),(12,'B5',0,'2020-06-05 10:25:57',0,'2020-06-05 10:25:57'),(13,'B6',0,'2020-06-05 10:26:01',0,'2020-06-05 10:26:01'),(14,'C1',0,'2020-06-05 10:26:14',0,'2020-06-05 10:26:14'),(15,'C2',0,'2020-06-05 10:26:18',0,'2020-06-05 10:26:18'),(16,'D1',0,'2020-06-05 10:26:29',0,'2020-06-05 10:26:29'),(17,'D2',0,'2020-06-05 10:34:24',0,'2020-06-05 10:34:24'),(18,'D3',0,'2020-06-05 10:34:32',0,'2020-06-05 10:34:32'),(19,'E1',0,'2020-06-05 10:35:16',0,'2020-06-05 10:35:16'),(20,'F1',0,'2020-06-05 10:35:37',0,'2020-06-05 10:35:37'),(21,'F4',0,'2020-06-05 10:35:48',0,'2020-06-05 10:35:48'),(22,'G1',0,'2020-06-05 10:36:25',0,'2020-06-05 10:36:25'),(23,'G2',0,'2020-06-05 10:36:37',0,'2020-06-05 10:36:37'),(24,'G3',0,'2020-06-05 10:36:47',0,'2020-06-05 10:36:47'),(25,'H1',0,'2020-06-05 10:36:58',0,'2020-06-05 10:36:58'),(26,'H2',0,'2020-06-05 10:37:12',0,'2020-06-05 10:37:12'),(27,'I1',0,'2020-06-05 10:37:27',0,'2020-06-05 10:37:27'),(28,'I2',0,'2020-06-05 10:37:34',0,'2020-06-05 10:37:34'),(29,'I5',0,'2020-06-05 10:37:41',0,'2020-06-05 10:37:41'),(30,'I6',0,'2020-06-05 10:37:49',0,'2020-06-05 10:37:49'),(31,'I7',0,'2020-06-05 10:37:57',0,'2020-06-05 10:37:57'),(32,'J1',0,'2020-06-05 10:38:03',0,'2020-06-05 10:38:03'),(33,'O1',0,'2020-06-05 10:38:25',0,'2020-06-05 10:38:25'),(34,'O2',0,'2020-06-05 10:38:32',0,'2020-06-05 10:38:32'),(35,'O3',0,'2020-06-05 10:38:40',0,'2020-06-05 10:38:40'),(36,'O4',0,'2020-06-05 10:38:48',0,'2020-06-05 10:38:48'),(37,'Q1',0,'2020-06-05 10:38:54',0,'2020-06-05 10:38:54'),(38,'Q4',0,'2020-06-05 10:39:02',0,'2020-06-05 10:39:02'),(39,'R1',0,'2020-06-05 10:39:18',0,'2020-06-05 10:39:18'),(40,'R2',0,'2020-06-05 10:39:22',0,'2020-06-05 10:39:22'),(41,'Y',0,'2020-06-05 10:39:40',0,'2020-06-05 10:39:40'),(42,'V2',0,'2020-06-05 10:39:47',0,'2020-06-05 10:39:47'),(43,'U1',0,'2020-06-05 10:39:53',0,'2020-06-05 10:39:53'),(44,'CEP',0,'2020-06-05 10:40:01',0,'2020-06-05 10:40:01'),(45,'CII',0,'2020-06-05 10:40:21',0,'2020-06-05 10:40:21'),(46,'CIII',0,'2020-06-05 10:40:29',0,'2020-06-05 10:40:29'),(47,'BIO',0,'2020-06-05 10:40:36',0,'2020-06-05 10:40:36'),(48,'ZOO',0,'2020-06-05 10:40:44',0,'2020-06-05 10:40:44'),(49,'MAVRS',0,'2020-06-05 10:40:53',0,'2020-06-05 10:40:53'),(50,'DBSJ',0,'2020-06-05 10:41:07',0,'2020-06-05 10:41:07'),(51,'D5',0,'2020-06-05 10:52:08',0,'2020-06-05 10:52:08');
/*!40000 ALTER TABLE `posto` ENABLE KEYS */;
UNLOCK TABLES;

--
-- Table structure for table `postoarea`
--

DROP TABLE IF EXISTS `postoarea`;
/*!40101 SET @saved_cs_client     = @@character_set_client */;
/*!40101 SET character_set_client = utf8 */;
CREATE TABLE `postoarea` (
  `IDPOSTOAREA` int(11) NOT NULL,
  `IDPOSTO` int(11) NOT NULL,
  `IDAREA` int(11) NOT NULL,
  `IDUSUARIOINC` int(11) DEFAULT NULL,
  `DTINCLUSAO` datetime DEFAULT NULL,
  `IDUSUARIOALT` int(11) DEFAULT NULL,
  `DTALTERACAO` datetime DEFAULT NULL,
  `IDCAMPUS` int(11) NOT NULL,
  PRIMARY KEY (`IDPOSTOAREA`) USING BTREE,
  KEY `FK_POSTOAREA_POSTO` (`IDPOSTO`),
  KEY `FK_POSTOAREA_AREA` (`IDAREA`),
  KEY `FK_POSTOAREA_CAMPUS` (`IDCAMPUS`),
  CONSTRAINT `FK_POSTOAREA_AREA` FOREIGN KEY (`IDAREA`) REFERENCES `area` (`IDAREA`),
  CONSTRAINT `FK_POSTOAREA_CAMPUS` FOREIGN KEY (`IDCAMPUS`) REFERENCES `campus` (`IDCAMPUS`),
  CONSTRAINT `FK_POSTOAREA_POSTO` FOREIGN KEY (`IDPOSTO`) REFERENCES `posto` (`IDPOSTO`)
) ENGINE=InnoDB DEFAULT CHARSET=utf8;
/*!40101 SET character_set_client = @saved_cs_client */;

--
-- Dumping data for table `postoarea`
--

LOCK TABLES `postoarea` WRITE;
/*!40000 ALTER TABLE `postoarea` DISABLE KEYS */;
INSERT INTO `postoarea` VALUES (1,1,1,0,'2020-06-05 10:35:27',0,'2020-06-05 10:35:27',1),(2,2,2,0,'2020-06-05 10:36:56',0,'2020-06-05 10:36:56',1),(3,3,3,0,'2020-06-05 10:37:11',0,'2020-06-05 10:37:11',1),(4,3,4,0,'2020-06-05 10:37:19',0,'2020-06-05 10:37:19',1),(5,4,5,0,'2020-06-05 10:37:37',0,'2020-06-05 10:37:37',1),(6,5,6,0,'2020-06-05 10:37:54',0,'2020-06-05 10:37:54',1),(7,6,7,0,'2020-06-05 10:38:07',0,'2020-06-05 10:38:07',1),(8,7,8,0,'2020-06-05 10:38:18',0,'2020-06-05 10:38:18',1),(9,7,9,0,'2020-06-05 10:38:32',0,'2020-06-05 10:38:32',1),(10,8,10,0,'2020-06-05 10:38:50',0,'2020-06-05 10:38:50',1),(11,9,11,0,'2020-06-05 10:39:01',0,'2020-06-05 10:39:01',1),(12,10,12,0,'2020-06-05 10:40:00',0,'2020-06-05 10:40:00',1),(13,11,13,0,'2020-06-05 10:40:15',0,'2020-06-05 10:40:15',1),(14,11,14,0,'2020-06-05 10:40:27',0,'2020-06-05 10:40:27',1),(15,11,15,0,'2020-06-05 10:40:42',0,'2020-06-05 10:40:42',1),(16,12,16,0,'2020-06-05 10:41:25',0,'2020-06-05 10:41:25',1),(17,12,17,0,'2020-06-05 10:41:36',0,'2020-06-05 10:41:36',1),(18,12,18,0,'2020-06-05 10:41:49',0,'2020-06-05 10:41:49',1),(19,12,19,0,'2020-06-05 10:42:00',0,'2020-06-05 10:42:00',1),(20,13,20,0,'2020-06-05 10:43:22',0,'2020-06-05 10:43:22',1),(21,13,21,0,'2020-06-05 10:43:39',0,'2020-06-05 10:43:39',1),(22,13,22,0,'2020-06-05 10:44:24',0,'2020-06-05 10:44:24',1),(23,14,23,0,'2020-06-05 10:44:44',0,'2020-06-05 10:44:44',1),(24,14,24,0,'2020-06-05 10:45:01',0,'2020-06-05 10:45:01',1),(25,15,25,0,'2020-06-05 10:45:26',0,'2020-06-05 10:45:26',1),(26,15,26,0,'2020-06-05 10:45:46',0,'2020-06-05 10:45:46',1),(27,15,27,0,'2020-06-05 10:46:01',0,'2020-06-05 10:46:01',1),(28,16,28,0,'2020-06-05 10:46:46',0,'2020-06-05 10:46:46',1),(29,16,29,0,'2020-06-05 10:47:03',0,'2020-06-05 10:47:03',1),(30,16,30,0,'2020-06-05 10:47:26',0,'2020-06-05 10:47:26',1),(31,16,31,0,'2020-06-05 10:47:43',0,'2020-06-05 10:47:43',1),(32,45,100,0,'2020-06-05 10:48:19',0,'2020-06-05 10:48:19',2),(33,46,101,0,'2020-06-05 10:48:32',0,'2020-06-05 10:48:32',3),(35,17,32,0,'2020-06-05 10:49:00',0,'2020-06-05 10:49:00',1),(36,17,33,0,'2020-06-05 10:50:35',0,'2020-06-05 10:50:35',1),(37,18,34,0,'2020-06-05 10:50:48',0,'2020-06-05 10:50:48',1),(38,18,35,0,'2020-06-05 10:51:01',0,'2020-06-05 10:51:01',1),(39,51,36,0,'2020-06-05 10:56:52',0,'2020-06-05 10:56:52',1),(40,19,37,0,'2020-06-05 10:57:32',0,'2020-06-05 10:57:32',1),(41,20,38,0,'2020-06-05 10:58:10',0,'2020-06-05 10:58:10',1),(42,20,39,0,'2020-06-05 10:58:24',0,'2020-06-05 10:58:24',1),(43,20,40,0,'2020-06-05 10:58:50',0,'2020-06-05 10:58:50',1),(44,20,41,0,'2020-06-05 10:59:07',0,'2020-06-05 10:59:07',1),(45,20,42,0,'2020-06-05 10:59:33',0,'2020-06-05 10:59:33',1),(46,21,43,0,'2020-06-05 10:59:49',0,'2020-06-05 10:59:49',1),(47,22,44,0,'2020-06-05 11:00:09',0,'2020-06-05 11:00:09',1),(48,23,45,0,'2020-06-05 11:00:33',0,'2020-06-05 11:00:33',1),(49,23,46,0,'2020-06-05 11:00:57',0,'2020-06-05 11:00:57',1),(50,24,47,0,'2020-06-05 11:01:22',0,'2020-06-05 11:01:22',1),(51,25,48,0,'2020-06-05 11:01:48',0,'2020-06-05 11:01:48',1),(52,26,49,0,'2020-06-05 11:02:14',0,'2020-06-05 11:02:14',1),(53,26,44,0,'2020-06-05 11:02:35',0,'2020-06-05 11:02:35',1),(54,27,51,0,'2020-06-05 11:02:56',0,'2020-06-05 11:02:56',1),(55,28,52,0,'2020-06-05 11:03:12',0,'2020-06-05 11:03:12',1),(56,29,53,0,'2020-06-05 11:03:37',0,'2020-06-05 11:03:37',1),(57,29,54,0,'2020-06-05 11:04:07',0,'2020-06-05 11:04:07',1),(58,30,55,0,'2020-06-05 11:04:23',0,'2020-06-05 11:04:23',1),(59,31,56,0,'2020-06-05 11:04:38',0,'2020-06-05 11:04:38',1),(60,32,57,0,'2020-06-05 11:04:59',0,'2020-06-05 11:04:59',1),(61,32,58,0,'2020-06-05 11:05:17',0,'2020-06-05 11:05:17',1),(62,32,59,0,'2020-06-05 11:05:31',0,'2020-06-05 11:05:31',1),(63,32,60,0,'2020-06-05 11:05:41',0,'2020-06-05 11:05:41',1),(64,32,61,0,'2020-06-05 11:06:02',0,'2020-06-05 11:06:02',1),(65,32,62,0,'2020-06-05 11:06:19',0,'2020-06-05 11:06:19',1),(66,32,63,0,'2020-06-05 11:06:43',0,'2020-06-05 11:06:43',1),(67,32,64,0,'2020-06-05 11:06:54',0,'2020-06-05 11:06:54',1),(68,32,65,0,'2020-06-05 11:07:07',0,'2020-06-05 11:07:07',1),(69,32,66,0,'2020-06-05 11:07:24',0,'2020-06-05 11:07:24',1),(70,32,67,0,'2020-06-05 11:07:36',0,'2020-06-05 11:07:36',1),(71,32,68,0,'2020-06-05 11:07:58',0,'2020-06-05 11:07:58',1),(72,32,69,0,'2020-06-05 11:08:11',0,'2020-06-05 11:08:11',1),(73,32,70,0,'2020-06-05 11:08:23',0,'2020-06-05 11:08:23',1),(74,32,71,0,'2020-06-05 11:08:33',0,'2020-06-05 11:08:33',1),(75,32,72,0,'2020-06-05 11:08:49',0,'2020-06-05 11:08:49',1),(76,32,73,0,'2020-06-05 11:09:04',0,'2020-06-05 11:09:04',1),(77,32,74,0,'2020-06-05 11:09:20',0,'2020-06-05 11:09:20',1),(78,32,75,0,'2020-06-05 11:09:29',0,'2020-06-05 11:09:29',1),(79,32,76,0,'2020-06-05 11:09:40',0,'2020-06-05 11:09:40',1),(80,32,77,0,'2020-06-05 11:09:52',0,'2020-06-05 11:09:52',1),(81,32,78,0,'2020-06-05 11:10:18',0,'2020-06-05 11:10:18',1),(82,32,79,0,'2020-06-05 11:10:39',0,'2020-06-05 11:10:39',1),(83,32,80,0,'2020-06-05 11:10:54',0,'2020-06-05 11:10:54',1),(84,32,81,0,'2020-06-05 11:11:09',0,'2020-06-05 11:11:09',1),(85,32,82,0,'2020-06-05 11:11:31',0,'2020-06-05 11:11:31',1),(86,32,83,0,'2020-06-05 11:11:56',0,'2020-06-05 11:11:56',1),(87,32,84,0,'2020-06-05 11:12:16',0,'2020-06-05 11:12:16',1),(88,32,85,0,'2020-06-05 11:12:28',0,'2020-06-05 11:12:28',1),(89,32,86,0,'2020-06-05 11:12:38',0,'2020-06-05 11:12:38',1),(90,33,87,0,'2020-06-05 11:12:58',0,'2020-06-05 11:12:58',1),(91,34,88,0,'2020-06-05 11:13:16',0,'2020-06-05 11:13:16',1),(92,35,89,0,'2020-06-05 11:13:38',0,'2020-06-05 11:13:38',1),(93,36,90,0,'2020-06-05 11:13:59',0,'2020-06-05 11:13:59',1),(94,37,91,0,'2020-06-05 11:14:21',0,'2020-06-05 11:14:21',1),(95,38,92,0,'2020-06-05 11:14:36',0,'2020-06-05 11:14:36',1),(96,39,93,0,'2020-06-05 11:14:54',0,'2020-06-05 11:14:54',1),(97,40,94,0,'2020-06-05 11:15:16',0,'2020-06-05 11:15:16',1),(98,41,95,0,'2020-06-05 11:15:34',0,'2020-06-05 11:15:34',1),(99,42,96,0,'2020-06-05 11:15:49',0,'2020-06-05 11:15:49',1),(100,43,97,0,'2020-06-05 11:16:07',0,'2020-06-05 11:16:07',1),(101,44,98,0,'2020-06-05 11:16:36',0,'2020-06-05 11:16:36',1),(102,44,99,0,'2020-06-05 11:16:54',0,'2020-06-05 11:16:54',1),(103,47,102,0,'2020-06-05 11:17:17',0,'2020-06-05 11:17:17',1),(104,48,103,0,'2020-06-05 11:17:30',0,'2020-06-05 11:17:30',1),(105,49,104,0,'2020-06-05 11:17:51',0,'2020-06-05 11:17:51',1),(106,50,105,0,'2020-06-05 11:18:08',0,'2020-06-05 11:18:08',1);
/*!40000 ALTER TABLE `postoarea` ENABLE KEYS */;
UNLOCK TABLES;

--
-- Table structure for table `tipoocorrencia`
--

DROP TABLE IF EXISTS `tipoocorrencia`;
/*!40101 SET @saved_cs_client     = @@character_set_client */;
/*!40101 SET character_set_client = utf8 */;
CREATE TABLE `tipoocorrencia` (
  `IDTIPOOCORRENCIA` int(11) NOT NULL,
  `NMOCORRENCIA` varchar(50) NOT NULL,
  `FLAREAABERTA` varchar(1) DEFAULT NULL,
  `IDUSUARIOINC` int(11) DEFAULT NULL,
  `DTINCLUSAO` datetime DEFAULT NULL,
  `IDUSUARIOALT` int(11) DEFAULT NULL,
  `DTALTERACAO` datetime DEFAULT NULL,
  PRIMARY KEY (`IDTIPOOCORRENCIA`) USING BTREE
) ENGINE=InnoDB DEFAULT CHARSET=utf8;
/*!40101 SET character_set_client = @saved_cs_client */;

--
-- Dumping data for table `tipoocorrencia`
--

LOCK TABLES `tipoocorrencia` WRITE;
/*!40000 ALTER TABLE `tipoocorrencia` DISABLE KEYS */;
INSERT INTO `tipoocorrencia` VALUES (1,'Comportamento Curioso','S',0,'2020-06-05 11:29:51',0,'2020-06-05 11:29:51'),(2,'Acompanhamento Curioso','S',0,'2020-06-05 11:30:09',0,'2020-06-05 11:30:09'),(3,'Contato para Informações','S',0,'2020-06-05 11:30:29',0,'2020-06-05 11:30:29'),(4,'Disparo de Alarme','S',0,'2020-06-05 11:30:50',0,'2020-06-05 11:30:50'),(5,'Averiguação','S',0,'2020-06-05 11:31:07',0,'2020-06-05 11:31:07'),(6,'Objetos Encontrados','S',0,'2020-06-05 11:31:26',0,'2020-06-05 11:31:26'),(7,'Objetos Desaparecidos','S',0,'2020-06-05 11:31:38',0,'2020-06-05 11:31:38'),(8,'Flagrante','S',0,'2020-06-05 11:31:50',0,'2020-06-05 11:31:50'),(9,'Ameaça','S',0,'2020-06-05 11:32:01',0,'2020-06-05 11:32:01'),(10,'Agressão','S',0,'2020-06-05 11:32:10',0,'2020-06-05 11:32:10'),(11,'Apoio','S',0,'2020-06-05 11:32:21',0,'2020-06-05 11:32:21'),(12,'Acidentes','S',0,'2020-06-05 11:32:31',0,'2020-06-05 11:32:31'),(13,'Primeiros Socorros','S',0,'2020-06-05 11:32:46',0,'2020-06-05 11:32:46'),(14,'Transporte de Emergência - INT','S',0,'2020-06-05 11:33:07',0,'2020-06-05 11:33:07'),(15,'Transporte de Emergência - EXT','S',0,'2020-06-05 11:33:17',0,'2020-06-05 11:33:17'),(16,'Carga/Descarga','S',0,'2020-06-05 11:33:30',0,'2020-06-05 11:33:30'),(17,'Carga de Risco','S',0,'2020-06-05 11:33:43',0,'2020-06-05 11:33:43'),(18,'Veículo Oficial','S',0,'2020-06-05 11:33:56',0,'2020-06-05 11:33:56'),(19,'Veículo Funerário','S',0,'2020-06-05 11:34:12',0,'2020-06-05 11:34:12'),(20,'Veículo em Situação de Risco','S',0,'2020-06-05 11:34:27',0,'2020-06-05 11:34:27'),(21,'Unidade não solicitou Abertura/Fechamento','S',0,'2020-06-05 11:34:40',0,'2020-06-05 11:34:40'),(22,'Unidade não aguardou Abertura/Fechamento','S',0,'2020-06-05 11:34:48',0,'2020-06-05 11:34:48'),(23,'Porta(ão) Alterado','N',0,'2020-06-05 11:35:11',0,'2020-06-05 11:35:29'),(24,'Fechadura Alterada','N',0,'2020-06-05 11:35:42',0,'2020-06-05 11:35:42'),(25,'Cadeado Alterado','N',0,'2020-06-05 11:35:53',0,'2020-06-05 11:35:53'),(26,'Janela/Vidraça Alterada','N',0,'2020-06-05 11:36:14',0,'2020-06-05 11:36:14'),(27,'Parede/Telhado Alterado','N',0,'2020-06-05 11:36:33',0,'2020-06-05 11:36:43'),(28,'Cerca/Grade Alterada','N',0,'2020-06-05 11:37:02',0,'2020-06-05 11:37:02'),(29,'Luzes Deixadas Acessas','N',0,'2020-06-05 11:37:19',0,'2020-06-05 11:37:19');
/*!40000 ALTER TABLE `tipoocorrencia` ENABLE KEYS */;
UNLOCK TABLES;

--
-- Table structure for table `usuario`
--

DROP TABLE IF EXISTS `usuario`;
/*!40101 SET @saved_cs_client     = @@character_set_client */;
/*!40101 SET character_set_client = utf8 */;
CREATE TABLE `usuario` (
  `IDUSUARIO` int(11) DEFAULT NULL,
  `NMUSUARIO` varchar(100) DEFAULT NULL,
  `PWUSUARIO` varchar(100) DEFAULT NULL,
  `SGUSUARIO` varchar(100) DEFAULT NULL,
  `IDUSUARIOINC` int(11) DEFAULT NULL,
  `DTINCLUSAO` datetime DEFAULT NULL,
  `IDUSUARIOALT` int(11) DEFAULT NULL,
  `DTALTERACAO` datetime DEFAULT NULL,
  `IDCAMPUS` int(11) NOT NULL,
  `FLATIVO` varchar(1) DEFAULT NULL,
  `IDPERFIL` int(11) DEFAULT NULL,
  `FLPRIMEIROACESSO` varchar(1) DEFAULT 'S',
  KEY `FK_USUARIO_CAMPUS` (`IDCAMPUS`),
  CONSTRAINT `FK_USUARIO_CAMPUS` FOREIGN KEY (`IDCAMPUS`) REFERENCES `campus` (`IDCAMPUS`)
) ENGINE=InnoDB DEFAULT CHARSET=utf8;
/*!40101 SET character_set_client = @saved_cs_client */;

--
-- Dumping data for table `usuario`
--

LOCK TABLES `usuario` WRITE;
/*!40000 ALTER TABLE `usuario` DISABLE KEYS */;
INSERT INTO `usuario` VALUES (0,'Adminstrador do Sistema','c93ccd78b2076528346216b3b2f701e6','admin',1,'2020-05-10 20:11:33',0,'2020-06-07 19:25:17',1,'S',1,'N');
/*!40000 ALTER TABLE `usuario` ENABLE KEYS */;
UNLOCK TABLES;

--
-- Table structure for table `vigilante`
--

DROP TABLE IF EXISTS `vigilante`;
/*!40101 SET @saved_cs_client     = @@character_set_client */;
/*!40101 SET character_set_client = utf8 */;
CREATE TABLE `vigilante` (
  `IDVIGILANTE` int(11) NOT NULL,
  `NMVIGILANTE` varchar(50) NOT NULL,
  `IDUSUARIOINC` int(11) DEFAULT NULL,
  `DTINCLUSAO` datetime DEFAULT NULL,
  `IDUSUARIOALT` int(11) DEFAULT NULL,
  `DTALTERACAO` datetime DEFAULT NULL,
  PRIMARY KEY (`IDVIGILANTE`) USING BTREE
) ENGINE=InnoDB DEFAULT CHARSET=utf8;
/*!40101 SET character_set_client = @saved_cs_client */;

--
-- Dumping data for table `vigilante`
--

LOCK TABLES `vigilante` WRITE;
/*!40000 ALTER TABLE `vigilante` DISABLE KEYS */;
/*!40000 ALTER TABLE `vigilante` ENABLE KEYS */;
UNLOCK TABLES;
/*!40103 SET TIME_ZONE=@OLD_TIME_ZONE */;

/*!40101 SET SQL_MODE=@OLD_SQL_MODE */;
/*!40014 SET FOREIGN_KEY_CHECKS=@OLD_FOREIGN_KEY_CHECKS */;
/*!40014 SET UNIQUE_CHECKS=@OLD_UNIQUE_CHECKS */;
/*!40101 SET CHARACTER_SET_CLIENT=@OLD_CHARACTER_SET_CLIENT */;
/*!40101 SET CHARACTER_SET_RESULTS=@OLD_CHARACTER_SET_RESULTS */;
/*!40101 SET COLLATION_CONNECTION=@OLD_COLLATION_CONNECTION */;
/*!40111 SET SQL_NOTES=@OLD_SQL_NOTES */;

-- Dump completed on 2020-06-08 20:28:33
